Fall,Term Code,College,Department,Degree,Major Code,Major Name,Concentration Code,Concentration Name,Total,Male,Female,Unknown,Caucasian,Asian American,African American,Hispanic,Native American,Hawaiian/Pacific Isl,Multiracial,International,Unknown.1,All African American,All Native American,All Hawaiian/ Pac Isl,All Asian,Illinois,Non-Illinois,Academic Program Code,Legacy Advising Code,Legacy Department Code,Legacy Major Name
2018,120188,Education,346,BS,71,Accountancy,,,817,386,431,0,315,150,15,61,0,0,15,257,4,21,3,1,165,499,318,10KM0071BS,,,
2017,120178,Education,346,BS,71,Accountancy,,,870,411,459,0,322,168,23,59,0,1,14,281,2,27,3,2,179,498,372,10KM0071BS,,,
2016,120168,Education,346,BS,71,Accountancy,,,916,452,464,0,345,171,22,50,0,1,13,310,4,25,4,2,182,508,408,10KM0071BS,,,
2015,120158,Education,346,BS,71,Accountancy,,,945,495,450,0,361,169,24,55,0,1,11,319,5,27,3,3,176,555,390,10KM0071BS,,,
2014,120148,Education,346,BS,71,Accountancy,,,1023,533,490,0,417,175,24,47,0,1,13,340,6,28,2,3,187,623,400,10KM0071BS,,,
2013,120138,Education,346,BS,71,Accountancy,,,989,517,472,0,448,181,23,54,0,1,10,269,3,26,3,,,652,337,10KM0071BS,,,
2012,120128,Education,346,BS,71,Accountancy,,,962,514,448,0,474,171,31,57,1,1,7,217,3,32,4,,,691,271,10KM0071BS,,,
2011,120118,Education,346,BS,71,Accountancy,,,942,517,425,0,455,181,33,56,2,2,7,204,2,35,3,,,677,265,10KM0071BS,,,
2010,120108,Education,346,BS,71,Accountancy,,,875,499,376,0,430,180,33,46,1,1,4,178,2,35,1,,,641,234,10KM0071BS,,,
2009,120098,Education,346,BS,71,Accountancy,,,774,446,328,0,395,159,33,43,1,,,132,11,,,,,589,185,10KM0071BS,,,
2008,120088,Education,346,BS,71,Accountancy,,,596,343,252,1,315,123,29,40,2,,,80,7,,,,,479,117,10KM0071BS,,,
2007,120078,Education,346,BS,71,Accountancy,,,615,335,278,2,331,116,31,50,1,,,75,11,,,,,504,111,10KM0071BS,,,
2006,120068,Education,346,BS,71,Accountancy,,,761,424,333,4,433,136,36,58,2,,,87,9,,,,,627,134,10KM0071BS,,,
2005,120058,Education,346,BS,71,Accountancy,,,848,482,365,1,516,129,40,48,2,,,100,13,,,,,692,156,10KM0071BS,,,
2004,120048,Education,346,BS,71,Accountancy,,,842,454,387,1,524,145,26,40,2,,,92,13,,,,,692,150,10KM0071BS,,,
2003,,Business,,,,Accountancy,,,859,447,412,18,552,141,31,36,2,,,79,,,,,,711,148,,1705,1705,ACCOUNT
2002,,Business,,,,Accountancy,,,796,401,395,16,527,117,28,46,1,,,61,,,,,,695,101,,1705,1705,ACCOUNT
2001,,Business,,,,Accountancy,,,664,313,351,6,439,97,34,41,1,,,46,,,,,,590,74,,1705,1705,ACCOUNT
2000,,Business,,,,Accountancy,,,719,347,372,5,499,101,42,34,1,,,37,,,,,,643,76,,1705,1705,ACCOUNT
1999,,Business,,,,Accountancy,,,790,399,391,3,571,104,40,36,1,,,35,,,,,,711,79,,1705,1705,ACCOUNT
1998,,Business,,,,Accountancy,,,855,430,425,2,613,112,55,37,,,,36,,,,,,776,79,,1705,1705,ACCOUNT
1997,,Business,,,,Accountancy,,,893,456,437,2,625,116,68,45,1,,,36,,,,,,803,90,,1705,1705,ACCOUNT
1996,,Business,,,,Accountancy,,,977,501,476,2,711,130,59,39,1,,,35,,,,,,886,91,,1705,1705,ACCOUNT
1995,,Business,,,,Accountancy,,,"1,027",525,502,5,755,138,55,41,2,,,31,,,,,,944,83,,1705,1705,ACCOUNT
1994,,Business,,,,Accountancy,,,"1,041",525,516,6,765,130,58,43,1,,,38,,,,,,953,88,,1705,1705,ACCOUNT
1993,,Business,,,,Accountancy,,,"1,134",588,546,7,829,139,79,46,1,,,33,,,,,,"1,063",71,,1705,1705,ACCOUNT
1992,,Business,,,,Accountancy,,,"1,136",573,563,9,821,140,88,52,1,,,25,,,,,,"1,069",67,,1705,1705,ACCOUNT
1991,,Business,,,,Accountancy,,,"1,138",563,575,4,836,130,91,53,1,,,23,,,,,,"1,067",71,,1705,1705,ACCOUNT
1990,,Business,,,,Accountancy,,,"1,087",553,534,9,799,113,106,41,1,,,18,,,,,,"1,016",71,,1705,1705,ACCOUNT
1989,,Business,,,,Accountancy,,,976,484,492,7,760,69,85,40,1,,,14,,,,,,923,53,,1705,1705,ACCOUNT
1988,,Business,,,,Accountancy,,,"1,019",491,528,8,830,67,75,28,,,,11,,,,,,972,47,,1705,1705,ACCOUNT
1987,,Business,,,,Accountancy,,,904,430,474,4,773,48,60,15,,,,4,,,,,,870,34,,1705,1705,ACCOUNT
1986,,Business,,,,Accountancy,,,942,435,507,8,820,31,58,19,,,,6,,,,,,915,27,,1705,1705,ACCOUNT
1985,,Business,,,,Accountancy,,,"1,082",503,579,11,965,29,53,17,,,,7,,,,,,"1,054",28,,1705,1705,ACCOUNT
1984,,Business,,,,Accountancy,,,"1,207",578,629,11,"1,068",36,62,19,2,,,9,,,,,,"1,180",27,,1705,1705,ACCOUNT
1983,,Business,,,,Accountancy,,,"1,392",703,689,4,"1,251",37,73,20,1,,,6,,,,,,"1,361",31,,1705,1705,ACCOUNT
1982,,Business,,,,Accountancy,,,"1,408",773,635,2,"1,279",30,70,21,2,,,4,,,,,,"1,382",26,,1705,1705,ACCOUNT
1981,,Business,,,,Accountancy,,,"1,433",816,617,3,"1,303",37,68,15,3,,,4,,,,,,"1,401",32,,1705,1705,ACCOUNT
1980,,Business,,,,Accountancy,,,"1,383",842,541,2,"1,268",36,62,9,3,,,3,,,,,,"1,362",21,,1705,1705,ACCOUNT
2018,120188,Business,230,MBA,9875,Business Administration (MBA),4064,MBA,113,71,42,0,72,13,8,7,1,0,1,10,1,9,2,0,14,107,6,10KS4064MBA,,,
2017,120178,Business,230,MBA,9875,Business Administration (MBA),4064,MBA,93,54,39,0,61,11,9,5,0,0,0,5,2,9,1,0,11,89,4,10KS4064MBA,,,
2016,120168,Business,230,MBA,9875,Business Administration (MBA),4064,MBA,96,57,39,0,55,16,7,8,0,0,0,9,1,8,1,0,16,95,1,10KS4064MBA,,,
2015,120158,Business,230,MBA,9875,Business Administration (MBA),4064,MBA,104,71,33,0,58,10,13,7,0,0,0,16,0,14,1,0,10,98,6,10KS4064MBA,,,
2014,120148,Business,230,MBA,9875,Business Administration (MBA),4064,MBA,98,70,28,0,61,7,14,2,0,0,1,13,0,14,0,0,8,96,2,10KS4064MBA,,,
2013,120138,Business,230,MBA,9875,Business Administration (MBA),4064,MBA,105,68,37,0,64,12,14,4,0,0,0,10,1,14,0,,,104,1,10KS4064MBA,,,
2012,120128,Business,230,MBA,9875,Business Administration (MBA),4064,MBA,104,73,31,0,65,12,11,3,0,0,2,8,3,12,1,,,104,0,10KS4064MBA,,,
2011,120118,Business,230,MBA,9875,Business Administration (MBA),4064,MBA,80,60,20,0,52,6,6,2,0,0,2,8,4,7,1,,,80,0,10KS4064MBA,,,
2010,120108,Business,230,MBA,9875,Business Administration (MBA),4064,MBA,45,31,14,0,28,8,4,0,0,0,0,4,1,4,0,,,45,0,10KS4064MBA,,,
2009,120098,Business,230,MBA,9875,Business Administration (MBA),4064,MBA,62,40,22,0,37,13,6,0,0,,,4,2,,,,,61,1,10KS4064MBA,,,
2008,120088,Business,230,MBA,9875,Business Administration (MBA),4064,MBA,67,49,18,0,45,11,2,1,0,,,4,4,,,,,66,1,10KS4064MBA,,,
2007,120078,Business,230,MBA,9875,Business Administration (MBA),4064,MBA,64,49,15,0,43,8,2,1,0,,,6,4,,,,,63,1,10KS4064MBA,,,
2006,120068,Business,230,MBA,9875,Business Administration (MBA),4064,MBA,20,14,6,0,14,2,2,0,0,,,1,1,,,,,20,0,10KS4064MBA,,,
2018,120188,Engineering,933,BS,109,Computer Engineering,,,1184,1032,152,0,303,454,14,46,0,0,28,329,10,20,3,5,483,534,650,10KP0109BS,,,
2017,120178,Engineering,933,BS,109,Computer Engineering,,,1270,1114,156,0,351,431,18,52,0,0,31,377,10,24,4,2,460,570,700,10KP0109BS,,,
2016,120168,Engineering,933,BS,109,Computer Engineering,,,1195,1063,132,0,377,344,18,58,0,1,35,352,10,25,5,2,377,556,639,10KP0109BS,,,
2015,120158,Engineering,933,BS,109,Computer Engineering,,,1062,952,109,1,352,315,10,44,0,2,38,291,10,16,6,3,350,517,545,10KP0109BS,,,
2014,120148,Engineering,933,BS,109,Computer Engineering,,,905,813,92,0,318,234,13,43,0,3,29,254,11,17,4,3,266,459,446,10KP0109BS,,,
2013,120138,Engineering,933,BS,109,Computer Engineering,,,791,721,70,0,298,207,15,38,0,3,21,205,4,19,3,,,421,370,10KP0109BS,,,
2012,120128,Engineering,933,BS,109,Computer Engineering,,,697,635,62,0,280,177,13,34,0,1,17,171,4,16,2,,,382,315,10KP0109BS,,,
2011,120118,Engineering,933,BS,109,Computer Engineering,,,608,563,45,0,267,134,10,35,1,0,11,145,5,11,3,,,356,252,10KP0109BS,,,
2010,120108,Engineering,933,BS,109,Computer Engineering,,,524,480,43,1,240,99,13,32,2,1,9,126,2,15,3,,,320,204,10KP0109BS,,,
2009,120098,Engineering,933,BS,109,Computer Engineering,,,469,423,45,1,228,90,17,24,0,,,98,12,,,,,305,164,10KP0109BS,,,
2008,120088,Engineering,933,BS,109,Computer Engineering,,,446,398,46,2,227,91,19,29,0,,,74,6,,,,,302,144,10KP0109BS,,,
2007,120078,Engineering,933,BS,109,Computer Engineering,,,434,397,35,2,247,90,20,26,0,,,47,4,,,,,320,114,10KP0109BS,,,
2006,120068,Engineering,933,BS,109,Computer Engineering,,,477,439,36,2,273,100,27,25,0,,,46,6,,,,,348,129,10KP0109BS,,,
2005,120058,Engineering,933,BS,109,Computer Engineering,,,563,520,42,1,309,130,24,32,0,,,54,14,,,,,399,164,10KP0109BS,,,
2004,120048,Engineering,933,BS,109,Computer Engineering,,,636,588,48,0,357,149,20,30,0,,,64,16,,,,,441,195,10KP0109BS,,,
2003,,Engineering,,,109,Computer Engineering,,,750,677,73,14,409,196,35,41,,,,55,,,,,,543,207,,2225,2225,COMP ENGR
2002,,Engineering,,,109,Computer Engineering,,,816,729,87,15,417,239,42,48,1,,,54,,,,,,598,218,,2225,2225,COMP ENGR
2001,,Engineering,,,109,Computer Engineering,,,837,758,79,16,429,248,43,50,,,,51,,,,,,640,197,,2225,2225,COMP ENGR
2000,,Engineering,,,109,Computer Engineering,,,785,709,76,14,435,227,38,46,1,,,24,,,,,,636,149,,2225,2225,COMP ENGR
1999,,Engineering,,,109,Computer Engineering,,,762,683,79,17,452,194,33,43,1,,,22,,,,,,617,145,,2225,2225,COMP ENGR
1998,,Engineering,,,109,Computer Engineering,,,654,591,63,10,405,152,25,46,2,,,14,,,,,,542,112,,2225,2225,COMP ENGR
1997,,Engineering,,,109,Computer Engineering,,,561,517,44,9,361,122,22,40,1,,,6,,,,,,461,100,,2225,2225,COMP ENGR
1996,,Engineering,,,109,Computer Engineering,,,547,512,35,10,348,127,23,34,,,,5,,,,,,455,92,,2225,2225,COMP ENGR
1995,,Engineering,,,109,Computer Engineering,,,514,479,35,6,333,115,27,28,,,,5,,,,,,444,70,,2225,2225,COMP ENGR
1994,,Engineering,,,109,Computer Engineering,,,414,377,37,5,257,98,28,22,,,,4,,,,,,360,54,,2225,2225,COMP ENGR
1993,,Engineering,,,109,Computer Engineering,,,366,333,33,2,236,80,25,19,,,,4,,,,,,316,50,,2225,2225,COMP ENGR
1992,,Engineering,,,109,Computer Engineering,,,308,281,27,1,208,54,24,18,,,,3,,,,,,268,40,,2225,2225,COMP ENGR
1991,,Engineering,,,109,Computer Engineering,,,285,262,23,1,194,52,21,12,,,,5,,,,,,250,35,,2225,2225,COMP ENGR
1990,,Engineering,,,109,Computer Engineering,,,277,249,28,,190,51,20,11,1,,,4,,,,,,243,34,,2225,2225,COMP ENGR
1989,,Engineering,,,109,Computer Engineering,,,282,260,22,1,203,45,19,9,1,,,4,,,,,,251,31,,2225,2225,COMP ENGR
1988,,Engineering,,,109,Computer Engineering,,,332,299,33,2,234,55,21,10,,,,10,,,,,,287,45,,2225,2225,COMP ENGR
1987,,Engineering,,,109,Computer Engineering,,,376,344,32,1,293,44,17,8,,,,13,,,,,,330,46,,2225,2225,COMP ENGR
1986,,Engineering,,,109,Computer Engineering,,,434,381,53,1,345,50,18,8,,,,12,,,,,,397,37,,2225,2225,COMP ENGR
1985,,Engineering,,,109,Computer Engineering,,,472,411,61,,381,59,20,6,,,,6,,,,,,433,39,,2225,2225,COMP ENGR
1984,,Engineering,,,109,Computer Engineering,,,466,395,71,1,390,47,21,5,,,,2,,,,,,436,30,,2225,2225,COMP ENGR
1983,,Engineering,,,109,Computer Engineering,,,400,330,70,,329,45,22,2,,,,2,,,,,,376,24,,2225,2225,COMP ENGR
1982,,Engineering,,,109,Computer Engineering,,,338,287,51,,290,29,11,3,,,,5,,,,,,315,23,,2225,2225,COMP ENGR
1981,,Engineering,,,109,Computer Engineering,,,307,265,42,,271,19,9,4,1,,,3,,,,,,292,15,,2225,2225,COMP ENGR
1980,,Engineering,,,109,Computer Engineering,,,273,241,32,,238,17,8,2,3,,,5,,,,,,259,14,,2225,2225,COMP ENGR
2018,120188,Engineering,434,BS,112,Computer Science,,,1012,709,302,1,276,395,21,49,1,0,37,215,18,29,4,3,429,542,470,10KP0112BS,,,
2017,120178,Engineering,434,BS,112,Computer Science,,,1045,750,295,0,300,380,23,52,1,0,35,245,9,31,3,3,415,499,546,10KP0112BS,,,
2016,120168,Engineering,434,BS,112,Computer Science,,,1070,800,270,0,304,382,20,41,0,0,28,280,15,26,2,2,410,459,611,10KP0112BS,,,
2015,120158,Engineering,434,BS,112,Computer Science,,,1060,848,212,0,346,360,13,33,0,0,21,275,12,15,2,2,384,474,586,10KP0112BS,,,
2014,120148,Engineering,434,BS,112,Computer Science,,,1114,935,179,0,386,331,13,27,1,0,18,324,14,16,3,5,354,470,644,10KP0112BS,,,
2013,120138,Engineering,434,BS,112,Computer Science,,,1039,924,115,0,406,292,15,25,0,1,14,281,5,15,1,,,486,553,10KP0112BS,,,
2012,120128,Engineering,434,BS,112,Computer Science,,,945,866,79,0,380,244,13,27,0,1,22,256,2,18,3,,,453,492,10KP0112BS,,,
2011,120118,Engineering,434,BS,112,Computer Science,,,841,763,78,0,365,193,11,18,0,2,18,230,4,15,3,,,429,412,10KP0112BS,,,
2010,120108,Engineering,434,BS,112,Computer Science,,,792,714,78,0,366,160,8,20,0,0,22,210,6,12,4,,,435,357,10KP0112BS,,,
2009,120098,Engineering,434,BS,112,Computer Science,,,676,610,66,0,357,131,7,15,1,,,149,16,,,,,411,265,10KP0112BS,,,
2008,120088,Engineering,434,BS,112,Computer Science,,,625,558,66,1,345,130,11,17,1,,,110,11,,,,,404,221,10KP0112BS,,,
2007,120078,Engineering,434,BS,112,Computer Science,,,592,526,64,2,362,108,11,23,1,,,74,13,,,,,415,177,10KP0112BS,,,
2006,120068,Engineering,434,BS,112,Computer Science,,,620,559,59,2,385,131,7,30,2,,,56,9,,,,,446,174,10KP0112BS,,,
2005,120058,Engineering,434,BS,112,Computer Science,,,644,583,59,2,420,132,9,27,2,,,44,10,,,,,474,170,10KP0112BS,,,
2004,120048,Engineering,434,BS,112,Computer Science,,,710,633,76,1,456,166,10,25,0,,,42,11,,,,,505,205,10KP0112BS,,,
2003,,Engineering,,,112,Computer Science,,,761,680,81,15,465,188,20,22,1,,,50,,,,,,547,214,,2217,2217,COMP SCI
2002,,Engineering,,,112,Computer Science,,,857,769,88,17,516,217,28,25,1,,,53,,,,,,637,220,,2217,2217,COMP SCI
2001,,Engineering,,,112,Computer Science,,,876,784,92,19,537,215,31,28,3,,,43,,,,,,658,218,,2217,2217,COMP SCI
2000,,Engineering,,,112,Computer Science,,,770,685,85,14,499,177,31,28,1,,,20,,,,,,613,157,,2217,2217,COMP SCI
1999,,Engineering,,,112,Computer Science,,,764,674,90,18,499,168,35,24,2,,,18,,,,,,602,162,,2217,2217,COMP SCI
1998,,Engineering,,,112,Computer Science,,,694,614,80,18,453,153,36,24,2,,,8,,,,,,570,124,,2217,2217,COMP SCI
1997,,Engineering,,,112,Computer Science,,,661,586,75,19,430,147,26,25,2,,,12,,,,,,544,117,,2217,2217,COMP SCI
1996,,Engineering,,,112,Computer Science,,,609,532,77,12,413,129,22,20,2,,,11,,,,,,510,99,,2217,2217,COMP SCI
1995,,Engineering,,,112,Computer Science,,,577,517,60,11,409,110,21,16,1,,,9,,,,,,487,90,,2217,2217,COMP SCI
1994,,Engineering,,,112,Computer Science,,,526,467,59,8,365,100,22,22,1,,,8,,,,,,463,63,,2217,2217,COMP SCI
1993,,Engineering,,,112,Computer Science,,,451,385,66,9,308,76,28,16,2,,,12,,,,,,402,49,,2217,2217,COMP SCI
1992,,Engineering,,,112,Computer Science,,,379,328,51,5,261,65,25,14,1,,,8,,,,,,347,32,,2217,2217,COMP SCI
1991,,Engineering,,,112,Computer Science,,,369,313,56,5,261,58,27,8,1,,,9,,,,,,337,32,,2217,2217,COMP SCI
1990,,Engineering,,,112,Computer Science,,,368,302,66,7,264,53,28,11,,,,5,,,,,,333,35,,2217,2217,COMP SCI
1989,,Engineering,,,112,Computer Science,,,385,326,59,9,274,50,30,11,,,,11,,,,,,343,42,,2217,2217,COMP SCI
1988,,Engineering,,,112,Computer Science,,,417,352,65,11,314,53,17,11,,,,11,,,,,,378,39,,2217,2217,COMP SCI
1987,,Engineering,,,112,Computer Science,,,410,341,69,9,330,39,13,6,1,,,12,,,,,,376,34,,2217,2217,COMP SCI
1986,,Engineering,,,112,Computer Science,,,462,361,101,13,383,29,20,7,,,,10,,,,,,425,37,,2217,2217,COMP SCI
1985,,Engineering,,,112,Computer Science,,,522,403,119,11,448,36,15,3,,,,9,,,,,,483,39,,2217,2217,COMP SCI
1984,,Engineering,,,112,Computer Science,,,583,430,153,16,516,25,17,3,,,,6,,,,,,555,28,,2217,2217,COMP SCI
1983,,Engineering,,,112,Computer Science,,,658,462,196,4,596,34,18,4,,,,2,,,,,,631,27,,2217,2217,COMP SCI
1982,,Engineering,,,112,Computer Science,,,610,437,173,4,546,37,16,2,2,,,3,,,,,,587,23,,2217,2217,COMP SCI
1981,,Engineering,,,112,Computer Science,,,557,409,148,1,494,35,15,2,2,,,8,,,,,,538,19,,2217,2217,COMP SCI
1980,,Engineering,,,112,Computer Science,,,457,349,108,1,408,23,13,1,1,,,10,,,,,,438,19,,2217,2217,COMP SCI
2018,120188,Business,952,NONE,70,Curric Unassigned,,,1021,575,445,1,531,210,30,107,0,2,27,102,12,37,4,9,237,795,226,10KM0070NONE,,,
2017,120178,Business,952,NONE,70,Curric Unassigned,,,934,504,428,2,484,193,36,95,0,0,29,94,3,50,3,4,215,711,223,10KM0070NONE,,,
2016,120168,Business,952,NONE,70,Curric Unassigned,,,1015,581,434,0,524,195,39,91,0,0,25,133,8,51,4,0,213,763,252,10KM0070NONE,,,
2015,120158,Business,952,NONE,70,Curric Unassigned,,,1026,564,462,0,493,202,44,99,1,1,25,155,6,50,8,1,220,739,287,10KM0070NONE,,,
2014,120148,Business,952,NONE,70,Curric Unassigned,,,975,534,441,0,498,192,45,92,1,1,19,122,5,51,6,1,208,741,234,10KM0070NONE,,,
2013,120138,Business,952,NONE,70,Curric Unassigned,,,983,542,441,0,515,168,44,87,0,3,19,141,6,51,8,,,739,244,10KM0070NONE,,,
2012,120128,Business,952,NONE,70,Curric Unassigned,,,924,534,390,0,533,148,35,77,0,2,20,102,7,44,6,,,716,208,10KM0070NONE,,,
2011,120118,Business,952,NONE,70,Curric Unassigned,,,1032,583,449,0,647,144,36,75,0,0,22,102,6,44,4,,,845,187,10KM0070NONE,,,
2010,120108,Business,952,NONE,70,Curric Unassigned,,,1020,583,437,0,643,168,38,68,1,1,11,88,2,44,4,,,839,181,10KM0070NONE,,,
2009,120098,Business,952,NONE,70,Curric Unassigned,,,1038,574,464,0,627,159,64,81,2,,,78,27,,,,,863,175,10KM0070NONE,,,
2008,120088,Business,952,NONE,70,Curric Unassigned,,,1139,652,487,0,656,177,79,108,4,,,88,27,,,,,957,182,10KM0070NONE,,,
2007,120078,Business,952,NONE,70,Curric Unassigned,,,1006,578,428,0,600,134,73,105,5,,,69,20,,,,,872,134,10KM0070NONE,,,
2006,120068,Business,952,NONE,70,Curric Unassigned,,,754,453,300,1,475,86,47,76,4,,,51,15,,,,,644,110,10KM0070NONE,,,
2005,120058,Business,952,NONE,70,Curric Unassigned,,,363,220,142,1,250,47,18,23,1,,,19,5,,,,,322,41,10KM0070NONE,,,
2004,120048,Business,952,NONE,70,Curric Unassigned,,,385,241,144,0,269,43,17,29,1,,,23,3,,,,,326,59,10KM0070NONE,,,
2018,120188,LAS,405,BALAS,74,Economics,,,870,631,239,0,330,190,20,64,2,0,17,241,6,28,4,2,205,556,314,10KV0074BALA,,,
2017,120178,LAS,405,BALAS,74,Economics,,,899,667,232,0,348,196,27,53,2,0,13,255,5,35,5,1,207,567,332,10KV0074BALA,,,
2016,120168,LAS,405,BALAS,74,Economics,,,887,635,252,0,333,197,26,43,0,0,12,274,2,32,3,0,209,529,358,10KV0074BALA,,,
2015,120158,LAS,405,BALAS,74,Economics,,,817,602,215,0,294,159,26,33,0,0,11,289,5,32,3,0,169,460,357,10KV0074BALA,,,
2014,120148,LAS,405,BALAS,74,Economics,,,774,552,222,0,271,121,18,37,0,1,13,305,8,24,1,2,137,412,362,10KV0074BALA,,,
2013,120138,LAS,405,BALAS,74,Economics,,,718,519,199,0,262,106,14,24,0,1,13,294,4,18,1,,,382,336,10KV0074BALA,,,
2012,120128,LAS,405,BALAS,74,Economics,,,639,453,186,0,223,81,7,17,0,1,11,294,5,7,1,,,309,330,10KV0074BALA,,,
2011,120118,LAS,405,BALAS,74,Economics,,,639,446,193,0,217,88,6,12,0,0,8,304,4,7,0,,,307,332,10KV0074BALA,,,
2010,120108,LAS,405,BALAS,74,Economics,,,604,448,156,0,250,104,8,15,1,1,7,216,2,9,2,,,356,248,10KV0074BALA,,,
2009,120098,LAS,405,BALAS,74,Economics,,,596,460,136,0,280,106,13,20,1,,,159,17,,,,,402,194,10KV0074BALA,,,
2008,120088,LAS,405,BALAS,74,Economics,,,655,494,158,3,349,146,7,12,0,,,121,20,,,,,498,157,10KV0074BALA,,,
2007,120078,LAS,405,BALAS,74,Economics,,,746,560,182,4,419,159,10,18,0,,,122,18,,,,,593,153,10KV0074BALA,,,
2006,120068,LAS,405,BALAS,74,Economics,,,778,578,197,3,428,158,20,35,2,,,118,17,,,,,619,159,10KV0074BALA,,,
2005,120058,LAS,405,BALAS,74,Economics,,,665,512,153,0,381,130,24,35,1,,,82,12,,,,,546,119,10KV0074BALA,,,
2004,120048,LAS,405,BALAS,74,Economics,,,559,419,140,0,324,108,22,46,0,,,49,10,,,,,475,84,10KV0074BALA,,,
2003,,Business,,,74,Economics,,,89,65,24,1,15,3,1,,1,,,68,,,,,,8,81,,1720,1720,ECONOMICS
2002,,Business,,,74,Economics,,,91,65,26,1,16,3,1,,1,,,69,,,,,,8,83,,1720,1720,ECONOMICS
2001,,Business,,,74,Economics,,,84,60,24,2,15,2,1,,1,,,63,,,,,,6,78,,1720,1720,ECONOMICS
2000,,Business,,,74,Economics,,,87,64,23,1,15,4,1,,1,,,65,,,,,,6,81,,1720,1720,ECONOMICS
1999,,Business,,,74,Economics,,,100,69,31,1,23,6,2,,,,,68,,,,,,7,93,,1720,1720,ECONOMICS
1998,,Business,,,74,Economics,,,109,77,32,1,30,4,1,1,,,,72,,,,,,9,100,,1720,1720,ECONOMICS
1997,,Business,,,74,Economics,,,108,72,36,,28,5,1,2,,,,72,,,,,,9,99,,1720,1720,ECONOMICS
1996,,Business,,,74,Economics,,,200,142,58,2,37,4,1,4,,,,152,,,,,,18,182,,1720,1720,ECONOMICS
1995,,Business,,,74,Economics,,,208,156,52,1,40,6,2,3,,,,156,,,,,,18,190,,1720,1720,ECONOMICS
1994,,Business,,,74,Economics,,,205,150,55,3,39,2,2,1,,,,158,,,,,,15,190,,1720,1720,ECONOMICS
1993,,Business,,,74,Economics,,,206,154,52,1,37,2,2,,,,,164,,,,,,12,194,,1720,1720,ECONOMICS
1992,,Business,,,74,Economics,,,214,161,53,2,39,1,5,1,,,,166,,,,,,15,199,,1720,1720,ECONOMICS
1991,,Business,,,74,Economics,,,205,167,38,4,39,1,3,1,,,,157,,,,,,17,188,,1720,1720,ECONOMICS
1990,,Business,,,74,Economics,,,198,165,33,1,44,1,2,2,,,,148,,,,,,14,184,,1720,1720,ECONOMICS
1989,,Business,,,74,Economics,,,183,146,37,2,41,2,1,3,,,,134,,,,,,12,171,,1720,1720,ECONOMICS
1988,,Business,,,74,Economics,,,174,144,30,,32,3,,1,,,,138,,,,,,15,159,,1720,1720,ECONOMICS
1987,,Business,,,74,Economics,,,182,157,25,2,43,5,,1,,,,131,,,,,,23,159,,1720,1720,ECONOMICS
1986,,Business,,,74,Economics,,,176,150,26,2,60,7,,3,,,,104,,,,,,34,142,,1720,1720,ECONOMICS
1985,,Business,,,74,Economics,,,154,132,22,1,58,6,,2,,,,87,,,,,,25,129,,1720,1720,ECONOMICS
1984,,Business,,,74,Economics,,,137,114,23,1,60,5,,2,,,,69,,,,,,30,107,,1720,1720,ECONOMICS
1983,,Business,,,74,Economics,,,130,110,20,,65,6,2,3,,,,54,,,,,,37,93,,1720,1720,ECONOMICS
1982,,Business,,,74,Economics,,,118,95,23,1,60,3,1,2,,,,51,,,,,,40,78,,1720,1720,ECONOMICS
1981,,Business,,,74,Economics,,,113,90,23,,61,3,2,2,,,,45,,,,,,28,85,,1720,1720,ECONOMICS
1980,,Business,,,74,Economics,,,101,79,22,,57,2,2,1,1,,,38,,,,,,29,72,,1720,1720,ECONOMICS
2018,120188,Engineering,933,BS,115,Electrical Engineering,,,913,786,127,0,292,257,15,51,0,2,28,261,7,17,3,5,285,432,481,10KP0115BS,,,
2017,120178,Engineering,933,BS,115,Electrical Engineering,,,1025,879,146,0,322,267,18,50,0,0,28,335,5,20,2,5,295,465,560,10KP0115BS,,,
2016,120168,Engineering,933,BS,115,Electrical Engineering,,,1151,1003,148,0,383,305,16,54,0,3,32,351,7,19,2,9,339,546,605,10KP0115BS,,,
2015,120158,Engineering,933,BS,115,Electrical Engineering,,,1146,1002,144,0,360,287,18,51,1,3,28,385,13,22,6,7,312,509,637,10KP0115BS,,,
2014,120148,Engineering,933,BS,115,Electrical Engineering,,,1109,973,135,1,342,273,24,44,1,1,23,385,16,27,6,3,301,497,612,10KP0115BS,,,
2013,120138,Engineering,933,BS,115,Electrical Engineering,,,1170,1034,135,1,336,287,31,52,2,0,21,433,8,33,9,,,511,659,10KP0115BS,,,
2012,120128,Engineering,933,BS,115,Electrical Engineering,,,1163,1021,142,0,352,294,28,41,1,1,15,425,6,29,5,,,521,642,10KP0115BS,,,
2011,120118,Engineering,933,BS,115,Electrical Engineering,,,1128,995,133,0,344,264,21,49,0,0,15,434,1,22,3,,,508,620,10KP0115BS,,,
2010,120108,Engineering,933,BS,115,Electrical Engineering,,,1022,905,115,2,332,225,20,47,1,0,17,377,3,22,4,,,486,536,10KP0115BS,,,
2009,120098,Engineering,933,BS,115,Electrical Engineering,,,942,835,106,1,335,222,21,45,1,,,302,16,,,,,511,431,10KP0115BS,,,
2008,120088,Engineering,933,BS,115,Electrical Engineering,,,799,713,85,1,327,197,18,36,0,,,207,14,,,,,485,314,10KP0115BS,,,
2007,120078,Engineering,933,BS,115,Electrical Engineering,,,767,685,82,0,328,234,16,31,0,,,145,13,,,,,493,274,10KP0115BS,,,
2006,120068,Engineering,933,BS,115,Electrical Engineering,,,798,711,87,0,326,263,18,28,0,,,149,14,,,,,487,311,10KP0115BS,,,
2005,120058,Engineering,933,BS,115,Electrical Engineering,,,855,748,107,0,347,290,19,24,2,,,159,14,,,,,508,347,10KP0115BS,,,
2004,120048,Engineering,933,BS,115,Electrical Engineering,,,868,745,123,0,321,330,19,19,2,,,163,14,,,,,495,373,10KP0115BS,,,
2003,,Engineering,,,115,Electrical Engineering,,,836,699,137,19,332,282,17,25,2,,,159,,,,,,484,352,,2225,2225,ELEC ENGR
2002,,Engineering,,,115,Electrical Engineering,,,742,610,132,16,334,256,15,28,2,,,91,,,,,,492,250,,2225,2225,ELEC ENGR
2001,,Engineering,,,115,Electrical Engineering,,,708,580,128,10,358,219,20,27,2,,,72,,,,,,491,217,,2225,2225,ELEC ENGR
2000,,Engineering,,,115,Electrical Engineering,,,772,645,127,11,428,237,22,40,,,,34,,,,,,612,160,,2225,2225,ELEC ENGR
1999,,Engineering,,,115,Electrical Engineering,,,816,705,111,11,457,243,31,39,,,,35,,,,,,660,156,,2225,2225,ELEC ENGR
1998,,Engineering,,,115,Electrical Engineering,,,859,748,111,21,490,244,30,36,3,,,35,,,,,,689,170,,2225,2225,ELEC ENGR
1997,,Engineering,,,115,Electrical Engineering,,,905,780,125,16,523,248,36,38,4,,,40,,,,,,742,163,,2225,2225,ELEC ENGR
1996,,Engineering,,,115,Electrical Engineering,,,955,820,135,19,568,244,49,39,4,,,32,,,,,,810,145,,2225,2225,ELEC ENGR
1995,,Engineering,,,115,Electrical Engineering,,,980,847,133,17,576,268,60,33,3,,,23,,,,,,847,133,,2225,2225,ELEC ENGR
1994,,Engineering,,,115,Electrical Engineering,,,"1,009",888,121,6,598,276,60,44,4,,,21,,,,,,880,129,,2225,2225,ELEC ENGR
1993,,Engineering,,,115,Electrical Engineering,,,988,880,108,5,597,265,55,40,1,,,25,,,,,,857,131,,2225,2225,ELEC ENGR
1992,,Engineering,,,115,Electrical Engineering,,,972,864,108,6,591,265,47,38,1,,,24,,,,,,833,139,,2225,2225,ELEC ENGR
1991,,Engineering,,,115,Electrical Engineering,,,969,861,108,3,625,245,40,36,1,,,19,,,,,,835,134,,2225,2225,ELEC ENGR
1990,,Engineering,,,115,Electrical Engineering,,,"1,045",920,125,5,689,247,51,42,,,,11,,,,,,924,121,,2225,2225,ELEC ENGR
1989,,Engineering,,,115,Electrical Engineering,,,"1,050",912,138,5,711,227,56,40,1,,,10,,,,,,937,113,,2225,2225,ELEC ENGR
1988,,Engineering,,,115,Electrical Engineering,,,"1,251","1,088",163,1,861,272,60,45,3,,,9,,,,,,"1,123",128,,2225,2225,ELEC ENGR
1987,,Engineering,,,115,Electrical Engineering,,,"1,348","1,171",177,5,955,277,57,43,1,,,10,,,,,,"1,220",128,,2225,2225,ELEC ENGR
1986,,Engineering,,,115,Electrical Engineering,,,"1,406","1,240",166,8,"1,050",257,45,35,,,,11,,,,,,"1,296",110,,2225,2225,ELEC ENGR
1985,,Engineering,,,115,Electrical Engineering,,,"1,373","1,189",184,4,"1,043",236,40,34,3,,,13,,,,,,"1,278",95,,2225,2225,ELEC ENGR
1984,,Engineering,,,115,Electrical Engineering,,,"1,220","1,054",166,9,965,175,40,20,2,,,9,,,,,,"1,135",85,,2225,2225,ELEC ENGR
1983,,Engineering,,,115,Electrical Engineering,,,"1,206","1,061",145,4,982,135,45,25,1,,,14,,,,,,"1,133",73,,2225,2225,ELEC ENGR
1982,,Engineering,,,115,Electrical Engineering,,,"1,128","1,000",128,,948,100,44,14,2,,,20,,,,,,"1,063",65,,2225,2225,ELEC ENGR
1981,,Engineering,,,115,Electrical Engineering,,,"1,177","1,043",134,,"1,012",85,33,16,1,,,30,,,,,,"1,100",77,,2225,2225,ELEC ENGR
1980,,Engineering,,,115,Electrical Engineering,,,"1,253","1,125",128,,"1,075",84,45,14,1,,,34,,,,,,"1,177",76,,2225,2225,ELEC ENGR
2018,120188,Engineering,917,BS,133,Mechanical Engineering,,,860,671,189,0,405,172,13,84,1,1,37,138,9,22,10,6,202,581,279,10KP0133BS,,,
2017,120178,Engineering,917,BS,133,Mechanical Engineering,,,859,687,172,0,435,140,13,76,1,1,37,152,4,25,11,2,166,588,271,10KP0133BS,,,
2016,120168,Engineering,917,BS,133,Mechanical Engineering,,,897,728,169,0,482,139,9,80,1,2,32,149,3,20,11,5,160,623,274,10KP0133BS,,,
2015,120158,Engineering,917,BS,133,Mechanical Engineering,,,893,754,139,0,489,147,14,61,2,0,26,149,5,21,8,2,168,605,288,10KP0133BS,,,
2014,120148,Engineering,917,BS,133,Mechanical Engineering,,,886,754,132,0,499,131,10,52,3,2,27,158,4,16,6,5,155,593,293,10KP0133BS,,,
2013,120138,Engineering,917,BS,133,Mechanical Engineering,,,869,758,110,1,501,117,9,49,2,3,25,157,6,14,4,,,581,288,10KP0133BS,,,
2012,120128,Engineering,917,BS,133,Mechanical Engineering,,,814,705,108,1,505,106,12,35,1,3,24,123,5,14,5,,,570,244,10KP0133BS,,,
2011,120118,Engineering,917,BS,133,Mechanical Engineering,,,774,678,94,2,504,92,12,33,1,4,19,103,6,13,4,,,568,206,10KP0133BS,,,
2010,120108,Engineering,917,BS,133,Mechanical Engineering,,,800,716,82,2,525,95,14,31,2,3,14,110,6,14,4,,,599,201,10KP0133BS,,,
2009,120098,Engineering,917,BS,133,Mechanical Engineering,,,763,678,83,2,532,89,20,34,1,,,71,16,,,,,617,146,10KP0133BS,,,
2008,120088,Engineering,917,BS,133,Mechanical Engineering,,,845,743,100,2,602,103,22,33,1,,,66,18,,,,,696,149,10KP0133BS,,,
2007,120078,Engineering,917,BS,133,Mechanical Engineering,,,852,750,100,2,615,116,23,33,0,,,46,19,,,,,726,126,10KP0133BS,,,
2006,120068,Engineering,917,BS,133,Mechanical Engineering,,,838,742,94,2,619,109,20,40,1,,,32,17,,,,,729,109,10KP0133BS,,,
2005,120058,Engineering,917,BS,133,Mechanical Engineering,,,819,724,92,3,602,116,16,36,1,,,32,16,,,,,705,114,10KP0133BS,,,
2004,120048,Engineering,917,BS,133,Mechanical Engineering,,,777,689,88,0,582,109,11,35,3,,,28,9,,,,,661,116,10KP0133BS,,,
2003,,Engineering,,,,Mechanical Engineering,,,685,603,82,11,533,77,11,32,2,,,19,,,,,,593,92,,2240,2240,MECH ENGR
2002,,Engineering,,,,Mechanical Engineering,,,626,560,66,6,491,70,11,39,,,,9,,,,,,549,77,,2240,2240,MECH ENGR
2001,,Engineering,,,,Mechanical Engineering,,,669,604,65,10,526,79,13,32,1,,,8,,,,,,583,86,,2240,2240,MECH ENGR
2000,,Engineering,,,,Mechanical Engineering,,,634,560,74,10,484,84,15,27,1,,,13,,,,,,544,90,,2240,2240,MECH ENGR
1999,,Engineering,,,,Mechanical Engineering,,,665,576,89,12,495,97,13,27,1,,,20,,,,,,576,89,,2240,2240,MECH ENGR
1998,,Engineering,,,,Mechanical Engineering,,,733,629,104,6,545,95,23,32,2,,,30,,,,,,627,106,,2240,2240,MECH ENGR
1997,,Engineering,,,,Mechanical Engineering,,,738,629,109,6,556,102,21,28,2,,,23,,,,,,632,106,,2240,2240,MECH ENGR
1996,,Engineering,,,,Mechanical Engineering,,,731,632,99,5,538,108,28,25,3,,,24,,,,,,615,116,,2240,2240,MECH ENGR
1995,,Engineering,,,,Mechanical Engineering,,,723,632,91,7,536,100,32,28,2,,,18,,,,,,632,91,,2240,2240,MECH ENGR
1994,,Engineering,,,,Mechanical Engineering,,,721,647,74,4,539,106,29,30,3,,,10,,,,,,625,96,,2240,2240,MECH ENGR
1993,,Engineering,,,,Mechanical Engineering,,,692,622,70,4,536,84,29,29,3,,,7,,,,,,606,86,,2240,2240,MECH ENGR
1992,,Engineering,,,,Mechanical Engineering,,,706,634,72,3,537,93,36,26,2,,,9,,,,,,610,96,,2240,2240,MECH ENGR
1991,,Engineering,,,,Mechanical Engineering,,,712,649,63,1,545,84,38,27,2,,,15,,,,,,618,94,,2240,2240,MECH ENGR
1990,,Engineering,,,,Mechanical Engineering,,,634,581,53,2,499,63,36,21,3,,,10,,,,,,558,76,,2240,2240,MECH ENGR
1989,,Engineering,,,,Mechanical Engineering,,,576,523,53,2,470,45,36,16,2,,,5,,,,,,535,41,,2240,2240,MECH ENGR
1988,,Engineering,,,,Mechanical Engineering,,,669,595,74,2,555,53,35,19,2,,,3,,,,,,631,38,,2240,2240,MECH ENGR
1987,,Engineering,,,,Mechanical Engineering,,,747,662,85,5,638,52,30,18,2,,,2,,,,,,712,35,,2240,2240,MECH ENGR
1986,,Engineering,,,,Mechanical Engineering,,,782,691,91,3,696,42,21,16,2,,,2,,,,,,751,31,,2240,2240,MECH ENGR
1985,,Engineering,,,,Mechanical Engineering,,,780,694,86,4,688,39,23,20,,,,6,,,,,,750,30,,2240,2240,MECH ENGR
1984,,Engineering,,,,Mechanical Engineering,,,681,611,70,6,600,37,19,13,1,,,5,,,,,,654,27,,2240,2240,MECH ENGR
1983,,Engineering,,,,Mechanical Engineering,,,681,618,63,1,603,36,22,12,1,,,6,,,,,,656,25,,2240,2240,MECH ENGR
1982,,Engineering,,,,Mechanical Engineering,,,748,680,68,1,677,32,23,12,1,,,2,,,,,,728,20,,2240,2240,MECH ENGR
1981,,Engineering,,,,Mechanical Engineering,,,806,741,65,,740,35,15,8,1,,,7,,,,,,778,28,,2240,2240,MECH ENGR
1980,,Engineering,,,,Mechanical Engineering,,,796,734,62,1,728,31,13,8,2,,,13,,,,,,767,29,,2240,2240,MECH ENGR
2018,120188,LAS,299,BSLAS,5535,Psychology,,,343,84,259,0,146,74,35,45,0,0,18,25,0,42,4,4,89,295,48,10KV5535BSLA,,,
2017,120178,LAS,299,BSLAS,5535,Psychology,,,719,182,537,0,312,122,64,123,0,1,27,67,3,78,10,3,141,608,111,10KV5535BSLA,,,
2016,120168,LAS,299,BSLAS,338,Psychology,,,1269,318,951,0,529,212,124,221,0,1,54,125,3,151,19,10,244,1071,198,10KV0338BSLA,,,
2015,120158,LAS,299,BSLAS,338,Psychology,,,1224,346,878,0,511,205,123,202,0,1,44,132,6,150,15,9,231,1016,208,10KV0338BSLA,,,
2014,120148,LAS,299,BSLAS,338,Psychology,,,1159,342,817,0,566,178,104,150,0,3,38,109,11,121,12,11,202,979,180,10KV0338BSLA,,,
2013,120138,LAS,299,BSLAS,338,Psychology,,,1153,361,792,0,602,168,100,136,0,2,32,107,6,115,11,,,989,164,10KV0338BSLA,,,
2012,120128,LAS,299,BSLAS,338,Psychology,,,1203,354,849,0,672,177,87,130,1,3,31,102,0,100,8,,,1040,163,10KV0338BSLA,,,
2011,120118,LAS,299,BSLAS,338,Psychology,,,1257,397,857,3,715,171,90,127,1,1,33,113,6,103,6,,,1088,169,10KV0338BSLA,,,
2010,120108,LAS,299,BSLAS,338,Psychology,,,1255,407,845,3,746,173,82,128,1,3,27,85,10,97,10,,,1114,141,10KV0338BSLA,,,
2009,120098,LAS,299,BSLAS,338,Psychology,,,1214,334,879,1,736,178,84,114,3,,,57,42,,,,,1109,105,10KV0338BSLA,,,
2008,120088,LAS,299,BSLAS,338,Psychology,,,1246,340,906,0,783,164,113,110,3,,,44,29,,,,,1151,95,10KV0338BSLA,,,
2007,120078,LAS,299,BSLAS,338,Psychology,,,1314,384,928,2,867,151,115,104,3,,,47,27,,,,,1217,97,10KV0338BSLA,,,
2006,120068,LAS,299,BSLAS,338,Psychology,,,1245,336,908,1,812,139,127,114,2,,,27,24,,,,,1173,72,10KV0338BSLA,,,
2005,120058,LAS,299,BSLAS,338,Psychology,,,1179,309,870,0,771,133,112,111,2,,,25,25,,,,,1114,65,10KV0338BSLA,,,
2004,120048,LAS,299,BSLAS,338,Psychology,,,1179,312,867,0,785,128,114,108,4,,,23,17,,,,,1103,76,10KV0338BSLA,,,
2003,,LAS,,,338,Psychology,,,193,69,124,4,96,20,7,12,,,,54,,,,,,29,164,,3266,3266,PSYCHOLOGY
2002,,LAS,,,338,Psychology,,,174,62,112,2,99,15,7,6,,,,45,,,,,,32,142,,3266,3266,PSYCHOLOGY
2001,,LAS,,,338,Psychology,,,152,63,89,2,86,11,9,4,,,,40,,,,,,26,126,,3266,3266,PSYCHOLOGY
2000,,LAS,,,338,Psychology,,,168,68,100,3,100,13,11,6,,,,35,,,,,,29,139,,3266,3266,PSYCHOLOGY
1999,,LAS,,,338,Psychology,,,159,74,85,3,103,14,7,6,,,,26,,,,,,32,127,,3266,3266,PSYCHOLOGY
1998,,LAS,,,338,Psychology,,,166,74,92,3,109,10,8,8,,,,28,,,,,,33,133,,3266,3266,PSYCHOLOGY
1997,,LAS,,,338,Psychology,,,173,75,98,3,119,11,10,10,1,,,19,,,,,,40,133,,3266,3266,PSYCHOLOGY
1996,,LAS,,,338,Psychology,,,191,84,107,1,129,13,12,12,1,,,23,,,,,,38,153,,3266,3266,PSYCHOLOGY
1995,,LAS,,,338,Psychology,,,205,84,121,7,131,11,10,11,1,,,34,,,,,,50,155,,3266,3266,PSYCHOLOGY
1994,,LAS,,,338,Psychology,,,193,82,111,7,121,11,8,10,1,,,35,,,,,,47,146,,3266,3266,PSYCHOLOGY
1993,,LAS,,,338,Psychology,,,224,99,125,2,152,13,9,8,1,,,39,,,,,,54,170,,3266,3266,PSYCHOLOGY
1992,,LAS,,,338,Psychology,,,217,101,116,10,143,13,8,5,,,,38,,,,,,52,165,,3266,3266,PSYCHOLOGY
1991,,LAS,,,338,Psychology,,,195,99,96,9,134,13,5,3,1,,,30,,,,,,57,138,,3266,3266,PSYCHOLOGY
1990,,LAS,,,338,Psychology,,,195,105,90,3,142,14,6,5,1,,,24,,,,,,59,136,,3266,3266,PSYCHOLOGY
1989,,LAS,,,338,Psychology,,,200,112,88,6,148,12,6,4,,,,24,,,,,,70,130,,3266,3266,PSYCHOLOGY
1988,,LAS,,,338,Psychology,,,209,106,103,4,161,10,4,4,,,,26,,,,,,81,128,,3266,3266,PSYCHOLOGY
1987,,LAS,,,338,Psychology,,,191,101,90,3,153,9,4,1,,,,21,,,,,,76,115,,3266,3266,PSYCHOLOGY
1986,,LAS,,,338,Psychology,,,202,109,93,6,166,7,5,2,,,,16,,,,,,89,113,,3266,3266,PSYCHOLOGY
1985,,LAS,,,338,Psychology,,,193,98,95,5,150,8,6,,,,,24,,,,,,63,130,,3266,3266,PSYCHOLOGY
1984,,LAS,,,338,Psychology,,,189,92,97,7,141,8,5,2,,,,26,,,,,,60,129,,3266,3266,PSYCHOLOGY
1983,,LAS,,,338,Psychology,,,182,91,91,5,134,9,7,1,,,,26,,,,,,65,117,,3266,3266,PSYCHOLOGY
1982,,LAS,,,338,Psychology,,,183,96,87,8,125,11,8,1,,,,30,,,,,,78,105,,3266,3266,PSYCHOLOGY
1981,,LAS,,,338,Psychology,,,160,82,78,4,116,6,9,1,,,,24,,,,,,76,84,,3266,3266,PSYCHOLOGY
1980,,LAS,,,338,Psychology,,,152,82,70,1,121,5,6,1,,,,18,,,,,,51,101,,3266,3266,PSYCHOLOGY
2018,120188,DGS,605,NONE,5083,Undeclared,,,2474,1352,1121,1,914,336,301,532,3,0,76,304,8,352,36,19,402,2079,395,10KW5083NONE,,,
2017,120178,DGS,605,NONE,5083,Undeclared,,,2626,1516,1110,0,960,370,301,475,1,0,83,424,12,349,36,12,429,2096,530,10KW5083NONE,,,
2016,120168,DGS,605,NONE,5083,Undeclared,,,3000,1756,1244,0,1219,454,331,484,3,1,90,410,8,377,42,14,517,2492,508,10KW5083NONE,,,
2015,120158,DGS,605,NONE,5083,Undeclared,,,2790,1650,1140,0,1237,449,211,419,2,2,76,378,16,253,34,15,502,2297,493,10KW5083NONE,,,
2014,120148,DGS,605,NONE,5083,Undeclared,,,2649,1540,1109,0,1230,415,156,381,1,1,82,361,22,196,34,13,479,2157,492,10KW5083NONE,,,
2013,120138,DGS,605,NONE,5083,Undeclared,,,2786,1625,1161,0,1357,420,204,374,2,2,83,330,14,248,32,,,2307,479,10KW5083NONE,,,
2012,120128,DGS,605,NONE,5083,Undeclared,,,2967,1747,1220,0,1597,439,227,344,0,6,75,267,12,265,22,,,2537,430,10KW5083NONE,,,
2011,120118,DGS,605,NONE,5083,Undeclared,,,2927,1604,1323,0,1683,406,194,294,2,7,65,258,18,224,16,,,2550,377,10KW5083NONE,,,
2010,120108,DGS,605,NONE,5083,Undeclared,,,2927,1553,1373,1,1757,377,214,268,5,8,51,233,14,233,13,,,2594,333,10KW5083NONE,,,
2009,120098,DGS,605,NONE,5083,Undeclared,,,3055,1563,1489,3,1831,403,271,253,4,,,212,81,,,,,2721,334,10KW5083NONE,,,
2008,120088,DGS,605,NONE,5083,Undeclared,,,2016,1051,963,2,1163,279,176,156,3,,,194,45,,,,,1720,296,10KW5083NONE,,,
2007,120078,DGS,605,NONE,5083,Undeclared,,,83,50,33,0,54,11,8,6,0,,,1,3,,,,,80,3,10KW5083NONE,,,
